SN,lake_id,lake_name,npass,pass_full,pass_part,wse_avg,area_avg,p_lon,p_lat
1,4520281302,AMBULAPCHA GLACIER;IMJA GLACIER;IMJA TSHO,1,523,no_data,5035.129,1.534817,86.924745,27.898478
2,4520305372,BEGNAS TAL,1,273,no_data,679.636,2.728962,84.099966,28.174079
3,4520292702,BHAIRAB KUND,1,8,no_data,4316.655,0.043975,85.407606,28.080211
4,4520292652,BIG BLUE LAKE,2,245;286,no_data,4248.34,0.013128,85.825395,28.051452
5,4520280032,CHAMLANG CHO,2,523;564,no_data,4943.636,0.932188,86.958938,27.754948
6,4520305382,DIPANG LAKE,1,273,no_data,698.138,0.102981,84.069798,28.180733
7,4520280612,DONAG TSHO,2,245;286,no_data,4832.05,0.587005,86.681162,27.975422
8,4520280282,DUDH KUND,1,286,no_data,4624.712,0.206284,86.59919,27.710813
9,4520280642,DUDH POKHARI,2,245;286,no_data,4745.262,0.03938,86.690224,27.951133
10,4520304402,DUDH POKHARI LAKE,1,273,no_data,4566.511,0.05849,84.252669,28.45394
11,4520281042,GANGA SAGAR,1,286,no_data,74.399,0.015579,85.930245,26.728487
12,4520304352,GANGAPURNA TAL,1,273,no_data,3510.356,0.184059,84.017083,28.663401
13,4520313582,GHODA GHODI TAAL,2,301;342,no_data,174.091,0.743826,80.947706,28.688424
14,4520292692,GOSAIN KUND,2,008;551,no_data,4384.683,0.226302,85.413675,28.082799
15,4520305022,ICE LAKE,2,273;314,no_data,4615.141,0.043657,84.061199,28.679676
16,4520280382,IMJA TSHO,1,523,no_data,4995.638,0.330926,86.909231,27.900345
17,4520292753,INDRA SAROVAR,2,551,8,1539.905,1.911024,85.155963,27.604376
18,4520110132,JAGDISHPUR RESERVOIR,1,273,no_data,112.398,0.849027,83.098624,27.620956
19,4520314502,JAKHAUR TAAL,2,023;342,no_data,182.579,0.07707,80.62311,28.706743
20,4520329272,KALO DAHA (KUNDA),2,008;551,no_data,4033.847,0.060174,85.120246,28.274532
21,4520141752,KANTI POND,2,301;342,no_data,150.409,0.126535,81.651666,28.057795
22,4520280842,LOWER BARUN GLACIER,2,564,523,4535.428,1.860808,87.093112,27.797922
23,4520281342,LUMDING GLACIER;LUMDING TSHO,2,245;286,no_data,4877.633,5.711088,86.612007,27.779821
24,4520313502,MAHADEV TAL,2,023;342,no_data,183.999,0.05821,80.709935,28.743712
25,4520305282,MULA TAL,1,273,no_data,5528.436,0.040818,83.489891,28.867413
26,4520310942,MULI TAL,1,273,no_data,5578.493,0.316354,83.527427,28.886109
27,4520330532,NAMLYO LAKE,1,8,no_data,4034.434,0.120565,84.457419,28.657582
28,4520292502,NAU KUND,1,8,no_data,4182.592,0.173965,85.389064,28.060785
29,4520280232,NGOZUMPA TSHO,2,245;286,no_data,4945.855,0.188663,86.68225,28.005854
30,4520279492,PANCH POKHARI,1,286,no_data,4498.188,0.038627,86.421895,27.731561
32,4520304742,PHEWA LAKE;PHEWA TAL,2,273,314,805.853,7.393325,83.945781,28.216055
34,4520311282,PHOKSUNDO LAKE,1,no_data,314,3614.755,5.677858,82.948215,29.19691
35,4520330672,PONKAR LAKE,1,8,no_data,4087.408,0.490678,84.471593,28.662951
36,4520313442,RARA DAHA,1,301,no_data,2967.952,7.215212,82.091244,29.530292
37,4520305342,RUPA TAL,1,273,no_data,621.414,0.987171,84.112293,28.152212
38,4520295092,SARASWATI KUND,1,8,no_data,4096.354,0.026216,85.399493,28.079827
39,4520279302,TABOCHE TSHO,2,245;286,no_data,4709.53,0.138409,86.698991,27.941284
40,4520295162,TAUDAHA LAKE,1,8,no_data,1284.296,0.08274,85.281998,27.648729
41,4520330802,THULAGI GLACIER,2,008;551,no_data,4041.414,0.264993,84.493126,28.480621
42,4520304332,TILICHO LAKE,2,314,273,5068.33,2.618727,83.851794,28.691408
43,4520280252,TRAKARDING GLACIER;TSHO ROLPA,2,245;286,no_data,4543.914,1.741401,86.476452,27.861107
