S.N.,river_name,reach_id,node_id,node_len,wse,width,p_lon,p_lat
1,Keshaliya River,45241600251,45241600250241,202.93,65.70,45.00,87.2394792171970,26.4136817968375
2,Keshaliya River,45241600261,45241600260011,174.80,72.08,63.00,87.2448312177429,26.4645977578229
3,Keshaliya River,45241600271,45241600270011,181.85,81.90,51.00,87.2595789272241,26.5389269672782
4,Keshaliya River,45241600284,45241600280014,129.66,96.30,84.00,87.2981649079949,26.6136229576810
5,Keshaliya River,45241600291,45241600290011,182.62,96.35,71.00,87.3006641532115,26.6167218724259
6,Keshaliya River,45241600306,45241600300016,208.20,122.70,94.50,87.3287415483534,26.6697500604194
7,NODATA,45241600381,45241600380681,211.85,64.40,255.00,87.7613443845773,26.4100954334561
8,Mai Khola,45241600391,45241600390131,196.16,73.40,402.00,87.8136416162835,26.4620840411981
9,Mai Khola,45241600401,45241600400011,181.24,96.80,285.00,87.8516664657870,26.5926867199618
10,Mai Khola,45241600414,45241600410024,220.28,132.75,133.50,87.8784648402797,26.6858325615279
11,Mai Khola,45241600414,45241600410014,173.07,126.00,108.00,87.8795377832035,26.6842008161578
12,Mai Khola,45241600421,45241600420011,157.73,134.10,127.00,87.8771435942400,26.6873304077104
13,Mai Khola,45241600431,45241600430011,183.03,163.60,93.00,87.8331657918417,26.7795762023861
14,Mai Khola,45241600441,45241600440011,166.96,220.90,105.00,87.7768911353546,26.8246495159905
15,Mai Khola,45241600454,45241600450014,151.23,320.35,36.00,87.8917584722938,26.8219860755168
16,Mai Khola,45241600461,45241600460011,150.64,320.60,43.50,87.8946219222931,26.8239903106999
17,Mai Khola,45241600476,45241600470016,205.36,343.20,48.00,87.9033121152550,26.8349017196260
18,Bakra Khola,45241600541,45241600540121,201.96,65.65,92.50,87.5860215048355,26.3945243542276
19,Bakra Khola,45241600551,45241600550011,183.04,71.60,123.00,87.5933525914357,26.4478841330875
20,Bakra Khola,45241600561,45241600560011,156.46,84.20,90.50,87.5906049101767,26.5226359575679
21,Bakra Khola,45241600571,45241600570011,151.84,102.85,123.50,87.5981536040064,26.6079271531795
22,Bakra Khola,45241600586,45241600580016,216.47,147.70,42.00,87.6324766320579,26.7231305975901
23,NODATA,45241600621,45241600620261,184.25,65.40,63.00,87.4628306345573,26.4390019759660
24,NODATA,45241600631,45241600630011,161.75,69.20,57.00,87.4778265408318,26.4622477216755
25,NODATA,45241600641,45241600640011,161.89,76.90,42.00,87.5198375814237,26.5164015510799
26,NODATA,45241600656,45241600650016,203.30,89.90,42.00,87.5250140472092,26.5732314176518
27,NODATA,45241600691,45241600690011,165.99,69.10,63.00,87.4759019112262,26.4611345386628
28,NODATA,45241600706,45241600700016,190.64,89.75,45.00,87.4809625408597,26.5682830410460
29,NODATA,45241600911,45241600910741,193.17,68.80,152.50,87.6640933127710,26.4107154257484
30,NODATA,45241600921,45241600920011,166.96,71.00,84.00,87.6728890036977,26.4387092054695
31,Ratua Khola River,45241600931,45241600930011,159.30,96.90,67.00,87.6397193584400,26.5795765959875
32,Ratua Khola River,45241600941,45241600940011,161.75,122.50,174.00,87.6989410798904,26.6476905314763
33,Ratua Khola River,45241600956,45241600950016,204.05,162.85,97.00,87.7603657798994,26.7102138100434
34,Mechi River,45241600991,45241600990241,191.68,61.90,169.00,88.0318025396022,26.3645218044999
35,Mechi River,45241601001,45241601000031,188.17,65.60,147.00,88.0640671606915,26.4096535490094
36,Mechi River,45241601011,45241601010011,161.60,74.90,148.50,88.0962737116664,26.4798310592108
37,Mechi River,45241601021,45241601020011,163.82,89.10,169.00,88.1053036143424,26.5616651661708
38,Mechi River,45241601031,45241601030031,162.55,114.55,42.00,88.1555099116573,26.6306289455409
39,Mechi River,45241601041,45241601040191,183.54,195.25,45.00,88.1887463594943,26.7388243831024
40,Mechi River,45241601056,45241601050016,184.14,285.70,42.00,88.1817227099010,26.7953516224186
41,NODATA,45241601061,45241601060151,208.06,74.50,54.00,87.8035052912910,26.4668815050091
42,NODATA,45241601071,45241601070011,146.86,82.40,48.00,87.8089365948772,26.5173664048466
43,NODATA,45241601081,45241601080011,170.37,97.50,84.00,87.7718904199271,26.5756712317503
44,NODATA,45241601096,45241601090016,203.29,151.05,80.00,87.7914811063214,26.6778120673033
45,Mawa Khola River,45241601101,45241601100011,181.47,96.90,54.00,87.6381600865820,26.5790689497774
46,Mawa Khola River,45241601116,45241601110016,212.08,130.15,84.00,87.6491084077851,26.6804300386726
47,Biring-Tangting,45241601261,45241601260051,185.34,75.10,54.00,87.9151823836373,26.4486038420425
48,Biring-Tangting,45241601271,45241601270011,151.62,83.40,105.00,87.9113050534804,26.5115161860108
49,Biring-Tangting,45241601286,45241601280016,198.08,122.90,115.00,87.9463460188210,26.6619680757112
50,Bagmati,45242200251,45242200250271,213.51,73.20,219.00,85.3360799775366,26.7428460072777
51,Bagmati,45242200261,45242200260011,158.13,78.00,334.50,85.3512621366771,26.8428668814454
52,Bagmati,45242200271,45242200270011,175.47,89.00,271.50,85.3934855682854,26.9928602938819
53,Bagmati,45242200281,45242200280011,164.25,106.00,87.00,85.4305955660968,27.0690204079267
54,Bagmati,45242200294,45242200290014,153.69,127.50,148.00,85.4832650560143,27.1358193597650
55,Bagmati,45242200301,45242200300091,208.02,129.50,97.50,85.4898102506632,27.1511791271451
56,Bagmati,45242200301,45242200300011,161.71,127.50,296.00,85.4857587130094,27.1385434188197
57,Bagmati,45242200316,45242200310016,196.54,171.80,63.00,85.4888607185352,27.2201559773390
58,Bakaiya River,45242200341,45242200340511,212.38,73.10,42.00,85.2578493911929,26.7570706637173
59,Bakaiya River,45242200351,45242200350011,152.97,73.60,54.00,85.2515776705785,26.7684479054070
60,Bakaiya River,45242200361,45242200360011,183.57,81.10,67.00,85.2543516343580,26.8886313784260
61,Bakaiya River,45242200371,45242200370011,158.26,90.00,75.00,85.2234023941676,26.9981399579996
62,Bakaiya River,45242200386,45242200380016,189.84,121.90,54.00,85.2069831649013,27.1182699924501
63,Bagmati,45242200391,45242200390011,175.78,89.00,63.00,85.3917146385450,26.9926866362123
64,Bagmati,45242200406,45242200400016,196.53,109.90,54.00,85.3688289595121,27.0746810046285
65,NODATA,45242500111,45242500110181,212.22,67.80,1315.00,86.8236191845424,26.4434347603703
66,NODATA,45242500121,45242500120011,181.87,67.80,1800.00,86.8577258140029,26.4809442230978
67,NODATA,45242500134,45242500130014,134.65,73.60,1161.00,86.9258739702851,26.5262069912905
68,NODATA,45242500141,45242500140011,172.32,74.80,1373.00,86.9288836361942,26.5287168340939
69,Koshi River,45242500151,45242500150011,179.34,77.30,2524.00,86.9387182023739,26.5405586608416
70,Koshi River,45242500161,45242500160011,146.87,80.90,1016.00,87.0126065425252,26.6142381744465
71,Koshi River,45242500171,45242500170011,164.30,89.00,2077.50,87.0691599376392,26.6972005254608
72,Koshi River,45242500181,45242500180011,168.09,105.20,432.00,87.1451789910237,26.8344723712493
73,Tamor Nadi,45242500191,45242500190011,150.88,125.90,275.00,87.1600807991788,26.9105956392087
74,Tamor Nadi,45242500211,45242500210011,172.70,125.90,84.00,87.1617328106969,26.9108375317228
75,Tamor Nadi,45242500221,45242500220381,217.68,254.20,123.00,87.3290291716992,26.9299518747439
76,Tamor Nadi,45242500221,45242500220011,166.97,228.33,77.50,87.2789910702143,26.9190872937408
77,Tamor Nadi,45242500231,45242500230011,165.25,279.50,94.00,87.3550231509496,26.9383821946223
78,Tamor Nadi,45242500241,45242500240011,157.59,321.30,168.50,87.4408494920476,26.9721234079492
79,Tamor Nadi,45242500251,45242500250011,153.73,339.10,126.00,87.5157675302081,26.9968616543977
80,Tamor Nadi,45242500261,45242500260011,154.74,362.20,94.00,87.5576639206718,27.0596907469170
81,Tamor Nadi,45242500271,45242500270131,227.57,422.60,57.00,87.7113391369665,27.1579088747765
82,Tamor Nadi,45242500271,45242500270011,170.40,414.60,42.00,87.6938582554381,27.1462148464675
83,Tamor Nadi,45242500281,45242500280011,166.96,443.90,30.00,87.7512630678502,27.2084827747507
84,Tamor Nadi,45242500291,45242500290011,181.86,493.90,102.00,87.6820950241870,27.2662540283467
85,Tamor Nadi,45242500301,45242500300011,181.25,574.30,63.00,87.6552859778946,27.3287711420316
86,Tamor Nadi,45242500311,45242500310011,183.03,697.95,48.00,87.6462003442951,27.3830653922024
87,Tamor Nadi,45242500326,45242500320016,198.67,1308.15,60.00,87.7634662300423,27.4938913104344
88,Triyuga,45242500331,45242500330011,151.64,77.30,171.00,86.9370074237626,26.5409154707778
89,Triyuga,45242500341,45242500340011,180.31,80.60,71.50,86.9224457650419,26.5939942298709
90,Triyuga,45242500351,45242500350011,165.25,85.70,58.50,86.9562962058856,26.6611849193781
91,Triyuga,45242500361,45242500360011,166.97,90.05,48.00,86.9839958363770,26.7034464621013
92,Triyuga,45242500374,45242500370014,159.14,96.60,137.00,86.9322215246331,26.7408742247147
93,Triyuga,45242500381,45242500380011,153.74,96.60,63.00,86.9286302508220,26.7428407682625
94,Triyuga,45242500391,45242500390011,165.76,112.90,254.00,86.8499630600699,26.7877431667409
95,Triyuga,45242500401,45242500400011,161.75,131.50,84.00,86.7572803395231,26.7781344112903
96,Triyuga,45242500411,45242500410011,169.77,160.20,42.00,86.6718491952169,26.8001730961098
97,Triyuga,45242500426,45242500420016,198.91,241.70,54.00,86.6016980437469,26.8482063610242
98,Triyuga,45242500581,45242500580011,188.20,82.50,42.86,86.9243243459399,26.5932548543269
99,NODATA,45242500591,45242500590011,161.75,94.20,148.00,87.0491717397630,26.7669573829561
100,NODATA,45242500604,45242500600014,166.97,94.20,127.00,87.0467202274631,26.7638432443238
101,NODATA,45242500611,45242500610011,182.45,88.40,51.00,87.0133455044472,26.6754117174039
102,Sun Kosi,45242600011,45242600010041,204.65,127.00,104.50,87.1515150039560,26.9216832857445
103,Sun Kosi,45242600011,45242600010011,176.41,126.50,120.00,87.1545105741425,26.9173372436161
104,Sun Kosi,45242600021,45242600020011,169.65,152.50,115.00,87.0209453996881,26.8965458500202
105,Sun Kosi,45242600031,45242600030011,157.75,186.30,127.00,86.8588754042863,26.8925114968611
106,Sun Kosi,45242600041,45242600040011,158.18,222.20,80.00,86.7634770472096,26.9600283980403
107,Sun Kosi,45242600051,45242600050011,183.04,267.10,108.00,86.6867094649750,27.1026383016736
108,Sun Kosi,45242600061,45242600060011,178.80,280.40,256.00,86.6022851335292,27.1415882449573
109,Sun Kosi,45242600071,45242600070011,169.77,307.80,127.00,86.5286148457965,27.1299394815646
110,Sun Kosi,45242600081,45242600080011,155.27,320.90,247.50,86.4662025230974,27.1071004328498
111,Dudh Koshi,45242600091,45242600090011,165.39,336.85,69.50,86.4324069847272,27.1489489672226
112,Maulung Khola,45242600111,45242600110011,151.24,363.20,206.50,86.3749365781129,27.1935020319019
113,Maulung Khola,45242600121,45242600120011,156.82,379.30,135.00,86.3074837311010,27.2345149618295
114,Sun Kosi,45242600131,45242600130011,183.19,407.50,116.00,86.2027936603267,27.2511290126513
115,Sun Kosi,45242600141,45242600140011,150.86,434.10,96.00,86.1155278008001,27.2694166627413
116,Sun Kosi,45242600151,45242600150351,192.15,460.80,84.00,85.9997681984266,27.3353784969726
117,Sun Kosi,45242600151,45242600150011,159.88,450.10,101.00,86.0402745301267,27.2975758328309
118,Sun Kosi,45242600161,45242600160011,161.96,465.55,79.50,85.9815751878718,27.3517399720093
119,Sun Kosi,45242600171,45242600170011,182.42,512.80,93.00,85.8575413570070,27.4243443418038
120,Sun Kosi,45242600181,45242600180011,164.63,553.80,51.00,85.8068934586246,27.4794778926248
121,Sun Kosi,45242600191,45242600190111,204.32,594.80,63.00,85.7472812615334,27.5544533660122
122,Sun Kosi,45242600191,45242600190011,156.44,588.50,54.00,85.7626976753590,27.5443552565048
123,Sun Kosi,45242600201,45242600200011,146.84,611.00,84.00,85.7197110942630,27.6122120610802
124,Sun Kosi,45242600211,45242600210011,155.46,640.30,84.00,85.7364298159089,27.6828478419769
125,Sun Kosi,45242600221,45242600220011,164.27,706.70,60.50,85.8003245415302,27.7399311572551
126,Sun Kosi,45242600231,45242600230161,216.84,855.80,36.00,85.8980086536829,27.7886753761750
127,Sun Kosi,45242600231,45242600230011,159.12,808.00,42.00,85.8834871545591,27.7685197192997
128,Sun Kosi,45242600241,45242600240011,150.28,996.05,42.00,85.8778923010152,27.8399810930227
129,Sun Kosi,45242600256,45242600250016,209.17,1279.90,36.00,85.9201741488674,27.9077730764675
130,Dudh Koshi,45242600261,45242600260011,180.66,336.85,92.00,86.4334950922147,27.1501721635627
131,Dudh Koshi,45242600271,45242600270011,170.77,384.00,92.50,86.5478413249734,27.2191201278686
132,Dudh Koshi,45242600281,45242600280281,190.87,446.30,80.00,86.6666964066292,27.2684492698506
133,Dudh Koshi,45242600281,45242600280011,182.98,424.40,123.00,86.6272135226123,27.2472418442082
134,Dudh Kosi,45242600291,45242600290011,173.44,587.55,71.00,86.6793032695163,27.3674899419887
135,Hunku Drangka,45242600301,45242600300011,151.25,833.20,67.00,86.7257699310914,27.4529036170716
136,Dudh Koshi,45242600311,45242600310011,172.10,906.90,90.00,86.7216461341486,27.4750409634655
137,Dudh Koshi,45242600321,45242600320011,143.81,1300.55,51.00,86.6881505588019,27.5619767725788
138,Dudh Koshi,45242600331,45242600330011,161.62,2212.30,39.00,86.7132380817143,27.6841705257566
139,Dudh Koshi,45242600341,45242600340011,185.88,2688.80,48.00,86.7161953649878,27.7606855052960
140,Dudh Koshi,45242600351,45242600350011,154.31,3399.00,75.00,86.7476896313420,27.8372926305809
141,Dudh Koshi,45242600366,45242600360016,200.76,4665.90,63.00,86.8644504865103,27.8988596312289
142,Imja Khola,45242600371,45242600370011,167.48,3399.00,45.00,86.7457507080475,27.8369713059249
143,Hunku Drangka,45242600391,45242600390011,143.05,833.20,48.00,86.7270161533741,27.4523048023664
144,Hunku Drangka,45242600401,45242600400011,166.97,1196.30,58.50,86.8084644054898,27.4911759464216
145,Hunku Drangka,45242600411,45242600410011,159.14,1699.10,43.50,86.8938314778002,27.5479264468485
146,Hunku Drangka,45242600426,45242600420016,196.60,3443.35,54.00,86.9475180075738,27.6626554312535
147,Hinku Drangka,45242600431,45242600430011,148.20,906.90,67.00,86.7236204309874,27.4748318377336
148,Hinku Drangka,45242600441,45242600440011,184.17,1665.30,67.00,86.7690569817729,27.5617231393327
149,Hinku Drangka,45242600451,45242600450011,178.43,3356.38,75.00,86.8116299681546,27.6472353790912
150,Hinku Drangka,45242600466,45242600460016,190.07,4333.95,84.00,86.8390936924710,27.7367974743623
151,Tamakoshi,45242600481,45242600480011,168.07,465.60,67.00,85.9832362756781,27.3525103717059
152,Tamakoshi,45242600491,45242600490011,149.24,489.40,84.00,86.0444907601784,27.3807346787166
153,Tamakoshi,45242600501,45242600500011,158.17,536.40,39.00,86.0979400439683,27.4390139475609
154,Tamakoshi,45242600516,45242600510016,198.30,639.70,54.00,86.0928814532624,27.5023529942051
155,Likhu Khola,45242600521,45242600520011,155.63,407.50,63.00,86.2047024955425,27.2511669532628
156,Likhu Khola,45242600531,45242600530011,149.25,543.40,36.00,86.2171657062149,27.3355308842069
157,Likhu Khola,45242600531,45242600530011,149.25,543.40,36.00,86.2171657062149,27.3355308842069
158,Likhu Khola,45242600544,45242600540014,154.30,709.30,63.00,86.2412856994513,27.4184727827923
159,Likhu Khola,45242600551,45242600550011,182.61,715.40,63.00,86.2449876307744,27.4194588317807
160,Likhu Khola,45242600564,45242600560014,217.11,1237.30,54.00,86.3350283712710,27.5165582518976
161,Likhu Khola,45242600571,45242600570011,160.77,1249.60,39.00,86.3381769931877,27.5200037488217
162,Likhu Khola,45242600586,45242600580016,194.87,1438.00,54.00,86.3670180221074,27.5477675815105
163,Dudh Kosi,45242600591,45242600590011,180.66,587.50,48.00,86.6774757625402,27.3665300483708
164,Dudh Kosi,45242600606,45242600600016,206.52,1352.35,45.00,86.6178681449026,27.4200135096206
165,Maulung Khola,45242600621,45242600620011,171.35,363.20,48.00,86.3766662872499,27.1947285178179
166,Maulung Khola,45242600636,45242600630016,198.90,584.40,75.00,86.4359284734325,27.2682691212082
167,Imja Khola,45242600646,45242600640016,200.36,4711.35,144.00,86.7100246412128,27.9420001790258
168,Arun River,45242700021,45242700020051,196.90,134.30,97.50,87.1542509049662,26.9263571750956
169,Arun River,45242700021,45242700020011,181.85,126.60,121.00,87.1557920633121,26.9180220159660
170,Arun River,45242700031,45242700030011,163.54,166.90,82.00,87.1736375110244,26.9835490772192
171,Arun River,45242700041,45242700040011,183.04,211.00,94.00,87.1789149058902,27.0569445362431
172,Arun River,45242700051,45242700050011,169.65,228.50,191.50,87.2374067740798,27.1168609912223
173,Arun River,45242700061,45242700060011,181.85,255.10,136.00,87.2625186740488,27.1769554428563
174,Arun River,45242700071,45242700070011,155.38,266.10,181.00,87.2064633387574,27.2436044264102
175,Arun River,45242700081,45242700080191,204.20,286.75,169.00,87.1879639529000,27.3321158355408
176,Arun River,45242700081,45242700080011,169.77,278.15,127.00,87.1921807428803,27.3082757734021
177,Arun River,45242700091,45242700090011,172.32,304.50,189.00,87.1648441847174,27.3781342490362
178,Arun River,45242700101,45242700100011,157.75,364.05,84.00,87.1337443500429,27.4369943297776
179,Arun River,45242700111,45242700110011,175.00,557.90,81.00,87.1949381744350,27.5147882523364
180,Arun River,45242700121,45242700120011,165.76,729.60,84.00,87.2743653753966,27.5654358591534
181,Arun River,45242700131,45242700130021,140.30,858.40,42.00,87.3356561935466,27.5891345897088
182,Arun River,45242700131,45242700130011,179.19,858.40,54.00,87.3344467574911,27.5879187619009
183,Arun River,45242700141,45242700140011,161.75,1090.70,105.00,87.3609921022449,27.6697784843226
184,Arun River,45242700151,45242700150011,169.77,1402.45,84.00,87.3658370853944,27.7434308023061
185,Arun River,45242700161,45242700160011,153.73,2019.90,42.00,87.4083364442819,27.8264546862858
186,Gandak,45243600321,45243600320291,217.47,93.30,410.00,83.8522369701678,27.3569882705956
187,Gandak,45243600334,45243600330014,185.17,107.10,754.00,83.9061270266537,27.4389318559940
188,Gandak,45243600341,45243600340011,164.13,107.70,799.50,83.9102480828259,27.4399231819986
189,Gandak,45243600351,45243600350011,149.10,114.70,254.00,83.9671214112842,27.5204240397858
190,Gandak,45243600371,45243600370011,183.00,119.00,475.00,84.0009306007003,27.5460716494271
191,Narayani,45243600381,45243600380011,169.61,134.10,784.00,84.1446879391810,27.5699233108871
192,Narayani,45243600391,45243600390011,156.32,151.63,758.00,84.2458596840522,27.6474081225770
193,Narayani,45243600401,45243600400011,156.33,165.30,426.50,84.3221018859438,27.6867052636110
194,Narayani,45243600411,45243600410261,181.71,178.70,396.50,84.4300489135580,27.7085378153032
195,Narayani,45243600411,45243600410011,174.86,174.75,216.00,84.3902785597513,27.6838661345826
196,Kali Gandaki River,45243600421,45243600420651,201.80,200.20,103.00,84.3467088535541,27.7503791876235
197,Kali Gandaki River,45243600421,45243600420011,171.42,182.10,106.00,84.4218492789417,27.7424900879410
198,Kali Gandaki River,45243600431,45243600430011,159.01,201.80,94.00,84.3159493971421,27.7686231472888
199,Kali Gandaki River,45243600441,45243600440011,157.45,232.90,83.00,84.2840077309280,27.8372230662621
200,Kali Gandaki River,45243600451,45243600450011,154.01,244.00,63.00,84.2105722898944,27.8431279419953
201,Kali Gandaki River,45243600461,45243600460011,150.15,271.20,180.00,84.1042666310854,27.8554260639519
202,Kali Gandaki River,45243600471,45243600470011,138.30,296.70,117.00,83.9993576597869,27.8547582533406
203,Kali Gandaki River,45243600481,45243600480901,184.59,342.30,108.00,83.7943999406332,27.8830371411122
204,Kali Gandaki River,45243600481,45243600480011,139.06,312.90,127.00,83.9105748279711,27.8740465087168
205,Kali Gandaki River,45243600491,45243600490011,172.16,344.80,160.50,83.7804018136628,27.8974388874123
206,Kali Gandaki River,45243600501,45243600500011,155.51,357.00,94.00,83.6977667590528,27.9167469621070
207,Kali Gandaki River,45243600511,45243600510011,181.71,383.30,92.00,83.6287003850666,27.9145967136034
208,Kali Gandaki River,45243600521,45243600520011,160.74,436.70,83.00,83.5269040668421,27.9274958698082
209,Kali Gandaki River,45243600531,45243600530011,161.64,464.90,80.00,83.4742763746529,27.9724371903491
210,Kali Gandaki River,45243600544,45243600540014,162.98,502.60,86.50,83.5796221383967,27.9786482102715
211,Kali Gandaki River,45243600563,45243600560013,182.30,503.50,75.00,83.5839068070660,27.9784788110871
212,Kali Gandaki River,45243600571,45243600570011,152.31,519.40,67.00,83.5988453652048,28.0165577865796
213,Kali Gandaki River,45243600581,45243600580011,165.63,609.10,84.00,83.6215026599376,28.1201949163767
214,Kali Gandaki River,45243600591,45243600590011,154.18,715.50,63.00,83.6445826244408,28.2398446298581
215,Kali Gandaki,45243600611,45243600610011,158.42,829.10,42.00,83.5685834994788,28.3416484575683
216,Kali Gandaki,45243600621,45243600620011,172.51,1158.25,65.00,83.6386960215079,28.4764706400139
217,Kali Gandaki,45243600631,45243600630011,170.71,2042.30,42.00,83.6427888810679,28.6150669037347
218,Kali Gandaki,45243600641,45243600640011,144.07,2611.50,63.00,83.6691022254239,28.7203684640490
219,Kali Gandaki,45243600651,45243600650011,166.83,2715.25,98.50,83.7138020279752,28.7729267717272
220,Kali Gandaki,45243600661,45243600660011,178.27,2799.00,71.00,83.7696881252198,28.8172553468461
221,Kali Gandaki,45243600671,45243600670011,149.12,2882.90,42.00,83.7952103451332,28.8807392939658
222,Kali Gandaki,45243600686,45243600680016,209.21,3094.90,54.00,83.8815816154654,28.9849826647003
223,Kali Gandaki River,45243600691,45243600690311,207.93,874.17,42.00,83.5168320342337,28.3503185278943
224,Kali Gandaki River,45243600691,45243600690011,166.46,829.10,18.50,83.5676817505742,28.3401948849841
225,Kali Gandaki River,45243600701,45243600700011,175.63,935.00,42.00,83.4880803934728,28.3768842291551
226,Kali Gandaki River,45243600711,45243600710011,149.16,1038.80,63.00,83.3943491308401,28.4104582776023
227,Bari Gad,45243600721,45243600720011,144.66,464.90,63.00,83.4724745296736,27.9720365172112
228,Bari Gad,45243600731,45243600730011,152.93,600.80,60.50,83.3712727448063,28.0495304165727
229,Bari Gad,45243600741,45243600740011,149.16,660.10,63.00,83.3247787812666,28.1163580357518
230,Bari Gad,45243600756,45243600750016,209.29,733.55,42.00,83.2710202657266,28.1916894172948
231,NODATA,45243600761,45243600760831,187.37,200.50,97.50,84.4412924058293,27.8172956360878
232,NODATA,45243600761,45243600760011,176.95,182.08,125.50,84.4235799415000,27.7417734900393
233,Trisuli,45243600771,45243600770611,178.31,221.20,84.00,84.5527835791703,27.8342776488396
234,Trisuli,45243600771,45243600770011,165.27,203.10,75.00,84.4570646720529,27.8193645993292
235,Marsyangdi,45243600791,45243600790011,148.10,236.60,54.00,84.5589423662570,27.8583911540392
236,Marsyangdi,45243600804,45243600800014,155.76,328.55,46.50,84.4972326197343,27.9261503995836
237,Marsyangdi,45243600811,45243600810421,185.21,354.80,73.50,84.4305343012174,27.9501928510318
238,Marsyangdi,45243600811,45243600810011,182.31,341.30,134.00,84.4928110956103,27.9262671419571
239,Marsyangdi,45243600821,45243600820011,167.80,359.10,73.50,84.4245424213760,27.9539332908706
240,Marsyangdi,45243600831,45243600830011,167.21,395.70,63.50,84.4565872468327,28.0059567103146
241,Marsyangdi,45243600841,45243600840011,157.63,441.75,63.00,84.4748412248634,28.0665174315531
242,Marsyangdi,45243600854,45243600850014,105.67,602.00,42.00,84.4202768511171,28.1883279855997
243,Marsyangdi,45243600863,45243600860013,160.14,606.40,187.00,84.4168686478661,28.1903206748544
244,Marsyangdi,45243600871,45243600870051,199.14,634.80,42.00,84.4018863518917,28.2022435341907
245,Marsyangdi,45243600871,45243600870011,183.43,625.50,92.00,84.4066291661329,28.2010382701422
246,Marsyangdi,45243600884,45243600880014,141.98,908.80,54.00,84.3998413827177,28.3116841620191
247,Marsyangdi,45243600891,45243600890011,152.84,915.30,43.50,84.4005946506687,28.3150816702024
248,Marsyangdi,45243600901,45243600900011,146.75,1250.20,42.00,84.3979464511785,28.4269449784776
249,Marsyangdi,45243600921,45243600920011,129.98,1918.00,32.00,84.3563468662023,28.5234793697906
250,Marsyangdi,45243600931,45243600930011,156.81,2597.00,58.00,84.2586363365807,28.5536363365807
251,Marsyangdi,45243600941,45243600940011,156.80,2878.00,0.00,84.1878030032474,28.5721969967525
252,Marsyangdi,45243600951,45243600950011,156.77,3210.25,15.50,84.1453030032474,28.6180303300858
253,Marsyangdi,45243600961,45243600960011,146.66,3383.00,43.50,84.0842499999999,28.6441666666666
254,Marsyangdi,45243600971,45243600970011,146.65,3412.00,30.50,84.0717500000000,28.6475000000000
255,Marsyangdi,45243600981,45243600980011,154.86,3517.00,41.50,84.0170505104616,28.6638636634192
256,Marsyangdi,45243600991,45243600990011,156.74,3534.00,62.00,84.0036363365807,28.6686363365807
257,Marsyangdi,45243601011,45243601010011,374.48,3572.80,151.00,83.9987871790941,28.6684187791046
258,Marsyangdi,45243601026,45243601020016,186.57,3833.40,54.00,83.9357321419553,28.6756032547467
259,NODATA,45243601031,45243601030011,181.73,236.60,80.00,84.5607840625094,27.8577524484980
260,NODATA,45243601041,45243601040011,172.97,259.60,71.50,84.6358056717923,27.8602593332903
261,NODATA,45243601061,45243601060011,180.55,293.60,92.00,84.7049981053342,27.8071629900919
262,Trishuli Ganga River,45243601071,45243601070011,155.55,322.35,120.50,84.7835627998931,27.8137693961134
263,Trishuli Ganga River,45243601081,45243601080011,160.77,367.90,67.00,84.8862628291091,27.8089912067764
264,Trishuli Ganga River,45243601091,45243601090011,156.39,406.93,92.00,84.9956715695642,27.8033583019620
265,Trishuli Ganga River,45243601101,45243601100011,176.44,433.63,63.00,85.0462175402386,27.8540877211391
266,Trishuli Ganga River,45243601114,45243601110014,183.50,477.80,90.00,85.1257554713970,27.8771487071859
267,Trishuli Ganga River,45243601121,45243601120011,204.56,531.50,42.00,85.1266301877708,27.8809509807339
268,Trishuli Ganga River,45243601134,45243601130014,150.24,581.30,96.00,85.1700560263837,27.9619777822393
269,Trishuli Ganga River,45243601141,45243601140071,200.93,605.70,42.00,85.1828781322653,27.9701653518932
270,Trishuli Ganga River,45243601141,45243601140011,156.40,586.40,45.00,85.1738371921483,27.9637824379919
271,Trishuli Ganga River,45243601154,45243601150014,157.53,850.35,61.50,85.2075562210575,28.0630203262438
272,Trishuli Ganga River,45243601161,45243601160011,164.60,860.45,36.00,85.2052701734221,28.0665100958856
273,Trishuli Ganga River,45243601171,45243601170011,173.98,1221.00,80.00,85.2822236675049,28.1140633652847
274,Trishuli Ganga River,45243601181,45243601180011,181.20,1470.70,36.00,85.3427535001601,28.1766747865593
275,Trishuli Ganga River,45243601191,45243601190011,168.55,1708.55,42.00,85.3658655380415,28.2579517031229
276,Budhi Gandaki,45243601211,45243601210011,176.90,322.35,76.00,84.7819839359303,27.8150524717744
277,Budhi Gandaki,45243601221,45243601220011,175.65,393.30,108.00,84.7453464492921,27.9522566233252
278,Budhi Gandaki,45243601241,45243601240011,208.49,435.40,46.75,84.8008388702376,28.0000844218361
279,Budhi Gandaki,45243601251,45243601250321,174.32,492.50,96.00,84.8164999583620,28.0460135407115
280,Budhi Gandaki,45243601251,45243601250011,169.55,444.60,42.00,84.8059734924573,28.0008813912212
281,Budhi Gandaki,45243601261,45243601260011,155.19,588.30,36.00,84.8540299490972,28.1248131717215
282,Budhi Gandaki,45243601271,45243601270011,169.68,856.60,42.00,84.8817379494204,28.2507175776594
283,Budhi Gandaki,45243601281,45243601280011,180.43,1250.00,39.00,84.9037130284101,28.3326746052337
284,Budhi Gandaki,45243601291,45243601290011,180.43,1517.05,67.00,84.8955419939689,28.4170081777901
285,Budhi Gandaki,45243601306,45243601300016,214.06,2166.90,36.00,84.8109702780892,28.5334861453776
286,Seti Khola,45243601321,45243601320011,146.29,203.10,21.50,84.4561405248947,27.8211340178942
287,Seti Khola,45243601331,45243601330011,182.89,258.80,54.00,84.3616708273953,27.8677351682362
288,Seti Khola,45243601341,45243601340211,217.26,297.50,51.00,84.2778761957171,27.9539523128435
289,Seti Khola,45243601341,45243601340011,176.36,285.60,84.00,84.2891569986736,27.9238608158802
290,Seti Khola,45243601351,45243601350011,182.46,306.30,36.00,84.2694755254587,27.9709704058140
291,Madi Khola,45243601361,45243601360011,179.05,326.10,48.00,84.2539572909041,28.0007028503745
292,Madi Khola,45243601371,45243601370181,228.34,387.70,67.00,84.2299733906059,28.0993024223691
293,Madi Khola,45243601371,45243601370011,153.42,370.90,93.00,84.2356933090977,28.0734094974115
294,Madi Khola,45243601381,45243601380011,156.32,436.20,51.00,84.2213931733138,28.1483574381748
295,Madi Khola,45243601391,45243601390011,162.42,559.38,45.00,84.1809620042722,28.2051839754500
296,Madi Khola,45243601401,45243601400011,161.74,719.88,36.00,84.0963912434755,28.2255506762204
297,Madi Khola,45243601414,45243601410014,212.25,941.25,63.00,84.0910150507491,28.2944882315549
298,Madi Khola,45243601421,45243601420011,174.82,955.52,39.00,84.0896444346811,28.2987888202455
299,Madi Khola,45243601434,45243601430014,146.72,1417.85,36.00,84.1213222302370,28.3669797513826
300,Madi Khola,45243601441,45243601440011,182.86,1441.80,51.00,84.1206051995336,28.3704825993576
301,Madi Khola,45243601456,45243601450016,213.97,2453.60,300.00,84.1167208598491,28.4473900670840
302,NODATA,45243601461,45243601460011,118.07,303.00,30.00,84.2704451779686,27.9691666666666
303,NODATA,45243601471,45243601470011,149.99,303.00,16.00,84.2659703637567,27.9673703637567
304,NODATA,45243601481,45243601480011,156.61,335.00,11.00,84.2074304312837,27.9562058040990
305,NODATA,45243601491,45243601490011,127.67,357.00,26.00,84.1506801320003,27.9708356923984
306,NODATA,45243601501,45243601500011,125.75,415.00,27.50,84.0962424025979,27.9720909307353
307,NODATA,45243601511,45243601510011,155.28,415.00,21.00,84.0920505104616,27.9746969967525
308,NODATA,45243601521,45243601520011,125.73,438.00,32.00,84.0862424025979,28.0079242640687
309,NODATA,45243601531,45243601530011,158.54,441.00,35.00,84.0846565764787,28.0113804060448
310,NODATA,45243601554,45243601550014,198.05,448.10,84.00,84.0835527433951,28.0176540929055
311,NODATA,45243601561,45243601560011,169.60,449.70,84.00,84.0822907067579,28.0192200802288
312,NODATA,45243601571,45243601570011,165.67,513.80,85.50,84.0784760774714,28.0888504773885
313,NODATA,45243601581,45243601580011,172.90,587.70,48.00,84.0620793466275,28.1407017495013
314,East Rapti River,45243601591,45243601590011,213.83,175.70,56.82,84.1446266582418,27.5686556094862
315,East Rapti River,45243601601,45243601600011,168.12,137.40,170.00,84.1733780050000,27.5562745411658
316,East Rapti River,45243601611,45243601610011,180.51,160.60,180.00,84.3216469157426,27.5493692520172
317,East Rapti River,45243601621,45243601620011,159.77,170.20,119.00,84.4203634105124,27.5679761250186
318,East Rapti River,45243601631,45243601630011,165.13,176.00,132.50,84.4924031358869,27.5781294399699
319,East Rapti River,45243601641,45243601640011,181.14,218.55,105.00,84.6519693095907,27.5682785751040
320,East Rapti River,45243601651,45243601650011,164.20,256.70,133.50,84.7438485712220,27.5391930820366
321,East Rapti River,45243601661,45243601660011,146.79,309.00,63.00,84.8368166916004,27.4986728586775
322,East Rapti River,45243601671,45243601670281,169.69,397.30,49.50,84.9733118183671,27.4476362891204
323,East Rapti River,45243601671,45243601670011,150.22,367.05,105.00,84.9223654872386,27.4537569082931
324,East Rapti River,45243601684,45243601680014,140.23,437.20,42.00,85.0205064631314,27.4304186803082
325,East Rapti River,45243601701,45243601700011,178.35,440.00,42.00,85.0230325705531,27.4333966701230
326,East Rapti River,45243601716,45243601710016,196.89,464.90,48.00,85.0380338683352,27.4511352003937
327,Reu,45243601721,45243601720011,155.72,137.40,60.00,84.1731373502130,27.5548313491570
328,Reu,45243601731,45243601730011,134.53,156.60,63.00,84.2778699096376,27.5020649088790
329,Reu,45243601746,45243601740016,151.51,198.65,42.00,84.3904178003208,27.4467310141226
330,Kali Gandaki River,45243602056,45243602050016,184.19,1512.00,63.00,83.3683004631413,28.5397079486094
331,NODATA,45243602066,45243602060016,185.16,669.00,54.00,84.0003013941742,28.1684524081695
332,Rapti,45244200531,45244200530081,184.24,128.20,190.00,81.7589568061043,27.9418432450773
333,Rapti,45244200551,45244200550011,149.82,131.30,254.00,81.7239755106988,28.0005477976047
334,Rapti,45244200561,45244200560011,156.77,144.80,127.50,81.7835359229587,28.1004616074595
335,Rapti,45244200571,45244200570011,154.14,153.97,270.00,81.8597525823738,28.0573723216123
336,Rapti,45244200584,45244200580014,162.31,165.70,180.00,81.9525518356381,28.0401203760374
337,Rapti,45244200591,45244200590011,218.36,168.40,114.00,81.9558875649685,28.0376817013379
338,Rapti,45244200601,45244200600011,165.38,192.10,78.50,82.0527283010214,28.0001729800141
339,Rapti,45244200611,45244200610041,191.47,202.10,162.00,82.1133285219978,28.0021056329259
340,Rapti,45244200611,45244200610011,167.69,202.10,322.00,82.1076455229752,28.0003011372015
341,Rapti,45244200621,45244200620221,200.15,210.30,84.00,82.2267234391327,27.9477959191897
342,Rapti,45244200621,45244200620011,172.67,206.40,127.00,82.1966838613041,27.9684777129768
343,Rapti,45244200631,45244200630011,169.18,214.90,122.00,82.2632604161643,27.9350545133601
344,Rapti,45244200641,45244200640011,150.27,225.40,171.00,82.4057977206632,27.8778153882517
345,Rapti,45244200651,45244200650011,164.98,244.90,366.00,82.5364933666568,27.8361808400118
346,Rapti,45244200661,45244200660461,188.72,303.50,67.00,82.7897897858228,27.8524145567747
347,Rapti,45244200661,45244200660011,181.79,285.05,127.00,82.7159992436225,27.8201227594308
348,Rapti,45244200671,45244200670011,154.09,325.60,82.50,82.8215695928456,27.8972041344406
349,Rapti,45244200681,45244200680011,183.56,381.60,36.00,82.9258318273543,27.9414142801274
350,Rapti,45244200701,45244200700011,154.25,487.40,42.00,82.8207353263762,28.0007078544830
351,Rapti,45244200711,45244200710101,217.00,534.20,45.00,82.7994624247876,28.0725398030215
352,Rapti,45244200711,45244200710011,161.69,527.35,84.00,82.7948654500328,28.0593661514706
353,Rapti,45244200721,45244200720011,153.68,577.60,42.00,82.7468932868559,28.1125312362676
354,Rapti,45244200731,45244200730011,158.13,641.95,54.00,82.6998563795173,28.1678945847762
355,Rapti,45244200746,45244200740016,192.87,716.40,42.00,82.6434402506596,28.2213794317694
356,Banganga,45244200851,45244200850321,210.66,93.20,195.00,82.9622742309780,27.4661664084231
357,Banganga,45244200861,45244200860011,181.77,98.70,67.00,82.9813911157074,27.5082427944481
358,Banganga,45244200871,45244200870011,169.56,102.20,54.00,83.0680689499095,27.5999937048488
359,Banganga,45244200884,45244200880014,187.50,117.00,48.00,83.1143482879374,27.6660305526782
360,Banganga,45244200891,45244200890011,157.87,117.00,116.50,83.1150324078280,27.6696749144202
361,Banganga,45244200904,45244200900014,182.94,176.70,42.00,83.1976384392411,27.7307891990179
362,Banganga,45244200911,45244200910011,155.78,176.70,51.00,83.1983490325119,27.7344325676123
363,Banganga,45244200926,45244200920016,210.42,254.00,80.00,83.2022578277627,27.7875425321374
364,Tinau River,45244200971,45244200970291,192.63,92.20,84.00,83.2585965045421,27.3952035391653
365,Tinau River,45244200981,45244200980011,178.32,97.08,42.00,83.3289567234576,27.4391737762117
366,Tinau River,45244200991,45244200990011,160.75,103.15,33.00,83.3656154068738,27.4915602723765
367,Tinau River,45244201001,45244201000011,115.22,108.40,42.00,83.4265349920911,27.5430262605748
368,Tinau River,45244201021,45244201020011,175.63,123.97,45.00,83.4325028374289,27.6203406505826
369,Tinau River,45244201034,45244201030014,131.28,181.70,84.00,83.4617460069326,27.7041441913454
370,Tinau River,45244201034,45244201030014,131.28,181.70,84.00,83.4617460069326,27.7041441913454
371,Tinau River,45244201044,45244201040014,274.60,186.00,94.50,83.4626488993784,27.7080530950297
372,Tinau River,45244201054,45244201050014,212.31,187.70,65.00,83.4630654112631,27.7104818676084
373,Tinau River,45244201061,45244201060011,149.95,190.68,60.00,83.4632447960199,27.7123734849983
374,Tinau River,45244201074,45244201070014,169.52,227.60,39.00,83.4652521556083,27.7353460947258
375,Tinau River,45244201081,45244201080011,154.04,253.70,54.00,83.4639527599536,27.7388881773775
376,Tinau River,45244201094,45244201090014,143.33,278.60,67.00,83.4700670637754,27.7473056747093
377,Tinau River,45244201106,45244201100016,167.21,282.60,48.00,83.4748290837899,27.7471934348119
378,NODATA,45244201291,45244201290011,165.88,97.13,54.00,83.3263483624051,27.4397046476293
379,Dano River,45244201301,45244201300011,160.75,100.60,49.50,83.3354888920736,27.5028977015796
380,Dano River,45244201311,45244201310011,163.43,103.80,40.50,83.3411282004213,27.5612755717197
381,Dano River; Tinau River,45244201321,45244201320011,175.64,110.10,54.00,83.3414698587068,27.6159522282543
382,Tinau River,45244201334,45244201330014,119.23,171.65,42.00,83.4554657761488,27.6957290826806
383,Tinau River,45244201344,45244201340014,136.27,174.50,48.00,83.4571010394594,27.6988129795376
384,Bhada River,45244300441,45244300440041,176.04,138.80,117.00,81.3613180449102,28.1424661065433
385,Bhada River,45244300451,45244300450011,167.99,138.90,152.00,81.3727109690925,28.1756600444728
386,Bhada River,45244300461,45244300460011,160.86,140.60,119.00,81.3769643772510,28.2394003480468
387,Bhada River,45244300471,45244300470011,161.39,147.30,81.00,81.2928726629577,28.2847407540573
388,Bhada River,45244300481,45244300480011,156.47,156.60,108.00,81.3090322808143,28.3717505060490
389,Bhada River,45244300494,45244300490014,176.51,184.30,94.50,81.3796375808638,28.4238545988604
390,Bhada River,45244300501,45244300500011,153.56,184.30,177.00,81.3836234943309,28.4248905157067
391,Bhada River,45244300511,45244300510011,169.64,205.20,67.00,81.4386948693886,28.4482745501486
392,Bhada River,45244300521,45244300520011,154.15,230.75,136.50,81.5089296164917,28.4290652839610
393,Bhada River,45244300531,45244300530901,196.61,312.90,54.00,81.7209162073397,28.3514827709612
394,Bhada River,45244300531,45244300530011,155.87,259.00,122.00,81.5878435452231,28.4073636749933
395,Bhada River,45244300541,45244300540011,175.75,315.80,84.00,81.7252538773747,28.3471541612960
396,Bhada River,45244300554,45244300550014,143.42,359.70,36.00,81.8257246782977,28.3020107911617
397,Bhada River,45244300561,45244300560011,161.61,362.90,67.00,81.8275620570979,28.3053845573879
398,Babai Khola,45244300571,45244300570011,124.13,402.30,51.00,81.9065051688900,28.2625047307316
399,Babai Khola,45244300581,45244300580011,173.65,443.60,42.00,81.9653086986779,28.2138926811303
400,Babai Khola,45244300591,45244300590011,158.16,503.90,92.00,82.0721682722840,28.1677494758040
401,Babai Khola,45244300601,45244300600011,153.54,537.30,36.00,82.1555839736923,28.0896992610488
402,Babai Khola,45244300611,45244300610011,176.48,550.55,42.00,82.2299946628351,28.0549158484280
403,Babai Khola,45244300621,45244300620011,156.44,558.50,40.50,82.3027089844952,28.0327995873512
404,Babai Khola,45244300634,45244300630014,150.03,573.20,30.00,82.3640250408117,28.0213734416004
405,Babai Khola,45244300651,45244300650011,169.69,573.20,39.00,82.3651614639961,28.0179323395357
406,Babai Khola,45244300666,45244300660016,223.28,578.20,42.00,82.3898381669598,28.0009421310098
407,Sarda Khola,45244300671,45244300670011,175.82,402.30,54.00,81.9062809371946,28.2637157449079
408,Sarda Khola,45244300681,45244300680011,152.95,496.00,65.00,81.9357763260502,28.3047398489537
409,Sarda Khola,45244300691,45244300690181,223.71,633.20,42.00,82.0259041820660,28.3007616857458
410,Sarda Khola,45244300691,45244300690011,184.15,590.50,63.00,81.9971637786287,28.3093070338139
411,Sarda Khola,45244300704,45244300700014,154.29,676.50,84.00,82.0589468796673,28.2761065376292
412,Sarda Khola,45244300711,45244300710011,155.85,676.60,48.00,82.0615407325362,28.2734381559815
413,Sarda Khola,45244300724,45244300720014,144.76,688.20,84.00,82.0796164297319,28.2705182871579
414,Sarda Khola,45244300731,45244300730011,158.16,693.60,42.00,82.0832285963387,28.2726360882109
415,Sarda Khola,45244300744,45244300740014,146.84,782.90,42.00,82.1424272873415,28.2740258560705
416,Sarda Khola,45244300751,45244300750011,177.47,783.00,30.00,82.1463829023727,28.2729188902683
417,Sarda Khola,45244300764,45244300760014,154.13,820.30,43.50,82.1781706736594,28.2822210302320
418,Sarda Khola,45244300771,45244300770011,158.52,821.70,63.00,82.1796469296146,28.2792478031183
419,Sarda Khola,45244300786,45244300780016,202.67,888.55,63.00,82.2561275514618,28.2933448503003
420,Man Khola,45244300801,45244300800541,185.30,137.10,30.00,81.5051313353089,28.0695971868244
421,Man Khola,45244300811,45244300810011,180.66,138.60,30.00,81.5180938655417,28.0757852387055
422,Man Khola,45244300821,45244300820011,160.78,143.00,43.50,81.4991507557332,28.1257849156914
423,Man Khola,45244300831,45244300830011,180.82,146.30,36.00,81.5216402611878,28.1692920600978
424,Man Khola,45244300841,45244300840011,168.66,151.30,65.00,81.5623187887918,28.2129923187815
425,Man Khola,45244300856,45244300850016,189.30,175.80,42.00,81.6580649446294,28.2723216991127
426,Man Khola,45244300861,45244300860011,148.20,151.30,42.00,81.5603333141377,28.2133109861805
427,Man Khola,45244300876,45244300870016,181.48,170.63,36.00,81.5529705927578,28.2913373184056
428,Mahakali River,45244400181,45244400180831,235.74,181.50,505.00,80.1101608193517,28.8294909186093
429,Mahakali River,45244400201,45244400200011,180.06,181.50,503.00,80.1097256392226,28.8312480424592
430,Mahakali River,45244400271,45244400270371,214.17,260.80,116.00,80.1641746700007,29.1157368451771
431,Mahakali River,45244400281,45244400280031,199.28,277.30,129.00,80.1862129667597,29.1362967020321
432,Mahakali River,45244400291,45244400290011,181.25,303.20,94.00,80.2634496228940,29.1387225531964
433,Mahakali River,45244400301,45244400300071,181.25,340.00,135.50,80.2515946864551,29.2211637715442
434,Mahakali River,45244400311,45244400310131,196.61,359.05,96.00,80.2980867774150,29.2379952554628
435,Mahakali River,45244400331,45244400330031,195.85,406.80,125.00,80.2773511485526,29.3769898827631
436,Mahakali River,45244400351,45244400350031,421.63,434.80,90.00,80.2494840214842,29.4463852479659
437,Mahakali River,45244400361,45244400360011,179.26,460.50,106.50,80.3039644431720,29.4861810055631
438,Mahakali River,45244400371,45244400370011,182.44,502.70,114.00,80.3545914184794,29.5544935329300
439,Chamaliya,45244400391,45244400390141,213.58,531.90,128.00,80.4151840407688,29.6259034077581
440,Chamaliya,45244400401,45244400400531,166.37,600.40,107.00,80.3694751355817,29.7502263904004
441,Mahakali River,45244400421,45244400420011,156.23,604.60,77.00,80.3773921181589,29.7493848761218
442,Mahakali River,45244400431,45244400430011,158.18,765.00,68.50,80.4907168032122,29.7953181738019
443,Mahakali River,45244400511,45244400510031,188.79,1133.10,54.00,80.6064797956184,29.9586178015289
444,Mahakali River,45244400521,45244400520051,214.77,1594.70,30.00,80.7218704440836,30.0000175996480
445,Mahakali River,45244400531,45244400530141,202.17,2249.38,60.50,80.7920144998088,30.0732200146913
446,Mahakali River,45244400541,45244400540071,215.37,2918.60,62.00,80.8501568850935,30.1173230606981
447,Chamaliya,45244400751,45244400750021,214.76,524.20,134.00,80.4122079858090,29.6047410648905
448,Chamaliya,45244400761,45244400760171,201.97,682.65,63.00,80.5564524161695,29.6704347242058
449,Chamaliya,45244400761,45244400760011,150.30,650.40,42.00,80.5303119710046,29.6582350344335
450,Chamaliya,45244400771,45244400770011,150.87,758.80,36.00,80.6114173701548,29.6872510751442
451,Chamaliya,45244400784,45244400780014,136.36,884.80,96.00,80.6851476711878,29.7092041632250
452,Chamaliya,45244400791,45244400790011,144.19,892.00,84.00,80.6869240248332,29.7124573518992
453,Chamaliya,45244400806,45244400800016,197.72,1293.70,298.00,80.8303517522342,29.7766153487875
454,Chaundhar Nadi,45244400811,45244400810331,196.17,171.10,42.00,80.2061471661901,28.7625427372563
455,Chaundhar Nadi,45244400821,45244400820011,164.28,179.50,54.00,80.2493527185262,28.8306078938509
456,Chaundhar Nadi,45244400836,45244400830016,185.86,196.83,63.00,80.2543702266817,28.9217684516317
457,Mahakali River,45244401121,45244401120011,170.01,181.50,123.00,80.1083543955713,28.8297858633155
458,Budi Kulo,45244500121,45244500120271,151.84,139.60,67.00,81.0814987508859,28.3860034736814
459,Budi Kulo,45244500134,45244500130014,121.83,151.25,93.00,81.1307039610488,28.4506790990383
460,Budi Kulo,45244500141,45244500140011,160.11,152.00,84.00,81.1327861167605,28.4539537699149
461,Budi Kulo,45244500154,45244500150014,157.95,155.75,87.00,81.1547082040532,28.4686041074259
462,Budi Kulo,45244500161,45244500160011,213.23,155.80,101.00,81.1586929049155,28.4691411165467
463,Budi Kulo,45244500174,45244500170014,95.62,162.00,111.00,81.1820615861589,28.4993639619071
464,Budi Kulo,45244500181,45244500180011,195.86,163.00,67.00,81.1851051538967,28.5018976173635
465,Budi Kulo,45244500194,45244500190014,175.83,165.25,63.00,81.1926507052712,28.5091599942815
466,Budi Kulo,45244500201,45244500200011,156.47,166.10,108.00,81.1964636927738,28.5106477917169
467,Budi Kulo,45244500214,45244500210014,192.36,170.40,42.00,81.2196978994250,28.5382257775686
468,Budi Kulo,45244500221,45244500220011,151.25,170.40,67.00,81.2200424104832,28.5416875463767
469,Budi Kulo,45244500234,45244500230014,167.71,179.90,65.49,81.2472845797341,28.5856494034578
470,Budi Kulo,45244500241,45244500240011,172.32,181.22,48.14,81.2494298828992,28.5888904935629
471,Budi Kulo,45244500251,45244500250011,169.77,185.30,978.00,81.2595370501327,28.6026820148486
472,Budi Kulo,45244500261,45244500260121,198.53,191.70,231.50,81.2867160887123,28.6452770657003
473,Budi Kulo,45244500261,45244500260011,171.63,191.60,368.50,81.2759204687333,28.6285184584487
474,Suheli,45244500391,45244500390531,185.88,165.70,43.50,80.5183672865867,28.6016959942552
475,Suheli,45244500401,45244500400011,160.26,165.70,42.00,80.5128315910233,28.6044473020020
476,Suheli,45244500411,45244500410011,173.08,172.35,65.00,80.4818057915101,28.6781670000484
477,Suheli,45244500421,45244500420011,157.95,179.60,45.00,80.4051869333635,28.7213669107149
478,NODATA,45244500431,45244500430011,182.81,184.50,48.00,80.3613836025846,28.7852788262748
479,NODATA,45244500441,45244500440011,150.65,188.83,45.00,80.4091486994756,28.8178994867782
480,NODATA,45244500456,45244500450016,196.59,213.20,48.00,80.4656403728224,28.8897198169105
481,Syali Nadi,45244500461,45244500460011,153.75,183.70,148.00,80.3593992815735,28.7850726635353
482,Syali Nadi,45244500471,45244500470011,160.85,194.20,39.00,80.3392272226223,28.8494907375657
483,Syali Nadi,45244500486,45244500480016,192.58,208.20,36.00,80.3749120245796,28.9131421572254
484,Budi Kulo,45244500501,45244500500171,193.18,141.35,143.00,81.0233817959855,28.4191553564294
485,Kulariya Khola,45244500511,45244500510011,117.24,142.60,101.00,81.0154227212979,28.4538552073022
486,Mohana,45244500521,45244500520021,221.48,143.40,94.00,80.9929020987335,28.4443275635043
487,Mohana,45244500531,45244500530061,199.66,145.90,97.50,80.9536116398078,28.4484321538203
488,Mohana,45244500541,45244500540011,159.14,147.20,110.00,80.9066299486902,28.4727981248808
489,Mohana,45244500551,45244500550011,154.31,149.60,63.00,80.8619984307046,28.5041168982000
490,Mohana,45244500561,45244500560091,204.20,152.90,127.00,80.7886314281814,28.5358791975947
491,Mohana,45244500571,45244500570071,196.98,157.70,111.00,80.7208815816925,28.5724689535618
492,Mohana,45244500591,45244500590041,190.87,166.78,49.50,80.6465855231957,28.6407868485091
493,Mohana,45244500601,45244500600061,223.73,175.40,79.50,80.5521835141091,28.6924990231075
494,Mohana,45244500616,45244500610016,200.03,184.60,75.00,80.5458288060263,28.7846801282651
495,Khutia Nadi,45244500621,45244500620011,161.98,165.20,67.00,80.6518170417751,28.6367385300577
496,NODATA,45244500631,45244500630011,161.98,170.20,58.50,80.6748664513357,28.6969653475092
497,NODATA,45244500646,45244500640016,206.14,199.60,51.00,80.7166989690362,28.8013937557635
498,Khutia Nadi,45244500651,45244500650011,174.57,170.20,63.00,80.6728583001249,28.6975020859951
499,Khutia Nadi,45244500666,45244500660016,216.10,207.80,54.00,80.6355884791259,28.8051603813274
500,Likma River,45244500671,45244500670011,163.70,148.60,42.00,80.8623334817066,28.5057799411724
501,Likma River,45244500684,45244500680014,123.32,160.10,42.00,80.8095587232217,28.5996960545341
502,Likma River,45244500691,45244500690011,151.25,160.10,39.00,80.8082027876792,28.6029301353163
503,Likma River,45244500704,45244500700014,133.45,165.15,36.00,80.8120677811790,28.6380845431739
504,Likma River,45244500711,45244500710011,184.76,165.60,51.00,80.8097775285074,28.6412496225187
505,Likma River,45244500726,45244500720016,194.88,183.25,54.00,80.8217897624882,28.7620384461111
506,Kandra,45244500731,45244500730011,160.27,143.40,63.00,80.9939743290683,28.4463367032129
507,Kandra,45244500741,45244500740451,213.43,148.50,63.00,80.9400129739676,28.5113426651223
508,Kandra,45244500741,45244500740011,154.15,144.90,72.00,80.9554469441527,28.4801164242606
509,Kandra,45244500751,45244500750011,158.32,149.00,84.00,80.9353069082573,28.5165308105243
510,Kandra,45244500761,45244500760011,164.30,152.50,79.50,80.9277112301299,28.5679694429469
511,Kandra,45244500771,45244500770011,155.87,157.20,65.00,80.9233731780380,28.6281918850298
512,Kandra,45244500781,45244500780011,151.43,166.40,89.50,80.8893134093076,28.6888258708279
513,Kandra,45244500796,45244500790016,182.82,185.20,66.50,80.8906225143087,28.7489784417857
514,Kulariya Khola,45244500801,45244500800011,206.74,142.90,96.50,81.0170381020885,28.4548028175590
515,Kada Khola,45244500821,45244500820011,175.26,142.90,42.00,81.0165571217701,28.4582072296306
516,Kada Khola,45244500834,45244500830014,148.30,148.45,51.00,80.9856916747298,28.5214739882516
517,Kada Khola,45244500841,45244500840011,161.82,148.70,48.00,80.9861205938739,28.5239924559316
518,Kada Khola,45244500851,45244500850011,156.50,162.50,52.50,81.0120938911195,28.6402091700394
519,Kada Khola,45244500866,45244500860016,193.32,172.45,45.00,81.0278341886082,28.6937786181599
520,NODATA,45244500871,45244500870011,172.70,143.05,65.00,81.0183753776195,28.4590000564295
521,NODATA,45244500891,45244500890011,167.34,145.30,54.00,81.0444209238900,28.4817412662482
522,NODATA,45244500904,45244500900014,160.86,153.25,40.50,81.0609581525114,28.5651406705422
523,NODATA,45244500911,45244500910011,184.76,154.00,60.00,81.0631370697538,28.5670004312546
524,NODATA,45244500924,45244500920014,130.25,161.10,54.00,81.0585277667864,28.6186238250661
525,NODATA,45244500931,45244500930011,160.86,161.10,48.00,81.0575639383224,28.6220091656420
526,NODATA,45244500946,45244500940016,198.32,174.30,80.00,81.1086051914463,28.6784381897976
527,NODATA,45244500951,45244500950871,188.74,135.90,462.00,81.1930970752620,28.3653022591278
528,NODATA,45244500961,45244500960011,173.44,139.70,60.00,81.2078856449039,28.3732692108474
529,NODATA,45244500971,45244500970011,170.23,150.70,63.00,81.2651130852782,28.4276732360844
530,NODATA,45244500984,45244500980014,159.90,174.40,52.50,81.3189056961948,28.4992471900032
531,NODATA,45244500994,45244500990014,162.58,174.85,75.00,81.3209999880198,28.5024918212700
532,NODATA,45244501001,45244501000011,162.49,177.20,46.50,81.3204485103483,28.5059773716205
533,NODATA,45244501016,45244501010016,198.34,184.90,42.00,81.3181604484607,28.5164986739467
534,NODATA,45244501081,45244501080011,173.08,139.98,156.50,81.0325660211403,28.4023998141713
535,Ghaghara River,45244501101,45244501100011,169.43,140.00,1179.50,81.2079199610002,28.3751647805779
536,NODATA,45244501111,45244501110011,169.77,150.90,190.00,81.1283649097660,28.4783029403076
537,NODATA,45244501121,45244501120011,150.06,185.30,627.50,81.2572331159990,28.6016032310188
538,Jamara,45244501131,45244501130011,150.88,145.30,121.00,81.0462290511016,28.4813344641199
539,Ghaghara River,45244501141,45244501140011,188.79,168.30,496.00,81.2389870630742,28.5287926980452
540,Jamara,45244501151,45244501150011,154.68,169.30,36.00,81.1630014517701,28.5607237457479
541,Ghaghara River,45244501161,45244501160011,180.07,154.50,660.00,81.2156629577706,28.4540913735410
542,Bheri River,45244600011,45244600010601,192.17,248.60,211.00,81.3539829745020,28.7672163527865
543,Bheri River,45244600011,45244600010011,164.27,213.55,148.50,81.2603377231733,28.7404858854013
544,Bheri River,45244600021,45244600020011,181.26,251.60,184.00,81.3729918555503,28.7545852906455
545,Bheri River,45244600031,45244600030011,175.75,283.10,128.00,81.4127096853412,28.7093994432571
546,Bheri River,45244600041,45244600040011,175.46,310.60,148.00,81.4320648083479,28.6756530822833
547,Bheri River,45244600051,45244600050011,169.05,334.20,71.00,81.4693390120474,28.6247291390315
548,Bheri River,45244600061,45244600060011,170.01,364.80,85.50,81.5232509799955,28.5792738913111
549,Bheri River,45244600071,45244600070441,225.50,418.10,89.00,81.6560536819654,28.5172215407042
550,Bheri River,45244600071,45244600070011,150.87,400.55,54.00,81.5780839683645,28.5196491376455
551,Bheri River,45244600081,45244600080011,162.57,422.20,126.50,81.6794762314662,28.5123740800077
552,Bheri River,45244600091,45244600090011,164.28,440.90,113.50,81.7583548159454,28.4821883256897
553,Bheri River,45244600101,45244600100011,164.28,471.13,171.50,81.8666473990954,28.4351198729374
554,Bheri River,45244600111,45244600110011,159.89,509.60,63.00,81.9385902167065,28.4506911130623
555,Bheri River,45244600121,45244600120011,175.74,543.90,91.50,82.0112832580032,28.4806958843726
556,Bheri River,45244600131,45244600130011,159.12,568.50,87.00,82.0086793925688,28.5538245892612
557,Bheri River,45244600141,45244600140011,150.86,595.10,84.00,82.0165936048405,28.6135683638161
558,Bheri River,45244600151,45244600150011,144.17,622.65,96.00,82.0603640185936,28.6332916302112
559,Bheri River,45244600161,45244600160011,159.88,656.30,196.00,82.1430500793613,28.6207219611174
560,Bheri River,45244600171,45244600170011,159.12,687.00,125.50,82.1931323091284,28.6516987094680
561,NODATA,45244600181,45244600180011,163.65,750.85,114.00,82.2803547312869,28.6919758956576
562,NODATA,45244600191,45244600190011,169.73,889.10,63.00,82.4471986327490,28.6666854512767
563,NODATA,45244600201,45244600200011,155.83,1038.30,87.50,82.5483509602787,28.6461454208512
564,NODATA,45244600221,45244600220011,143.39,1210.45,87.00,82.6473437070328,28.6503200798090
565,NODATA,45244600236,45244600230016,199.96,1525.70,62.00,82.7644858730658,28.6232882104560
566,Bheri,45244600251,45244600250131,210.72,761.70,67.00,82.2832336306113,28.7123364164192
567,Bheri,45244600251,45244600250011,165.37,750.85,54.00,82.2799595270186,28.6931438805596
568,Bheri,45244600261,45244600260011,173.05,809.70,51.00,82.2843039014299,28.7605202595085
569,Bheri,45244600271,45244600270011,151.22,891.33,57.00,82.3507395103930,28.7928043454296
570,Bheri,45244600281,45244600280011,158.15,1021.40,113.50,82.4101409129592,28.8445946417635
571,Bheri,45244600291,45244600290011,153.52,1386.10,170.50,82.5154447347851,28.9389759168272
572,Bheri,45244600306,45244600300016,204.14,1515.80,42.00,82.5774945120090,28.9899714767270
573,Ghaghara River,45244700011,45244700010011,181.85,213.55,169.00,81.2596257057805,28.7418682741854
574,Ghaghara River,45244700021,45244700020011,157.62,228.10,190.00,81.2361101737786,28.8012679002774
575,Ghaghara River,45244700031,45244700030011,157.74,237.10,169.00,81.2063477737160,28.8615825539930
576,Ghaghara River,45244700041,45244700040011,171.81,248.10,148.00,81.1793410586585,28.8259750894371
577,Ghaghara River,45244700051,45244700050011,166.97,259.20,132.50,81.1272949146574,28.8616099552239
578,Ghaghara River,45244700061,45244700060011,157.59,286.70,145.50,81.0554770154216,28.8739612632044
579,Ghaghara River,45244700081,45244700080011,155.87,297.88,198.50,80.9816124439053,28.9388419650200
580,Thuli Gad,45244700091,45244700090011,129.08,304.40,186.00,80.9807096232963,28.9380836503610
581,Thuli Gad,45244700111,45244700110011,183.57,462.95,45.00,80.8850268406174,28.9597796337297
582,Thuli Gad,45244700126,45244700120016,195.41,597.20,42.00,80.8205000169511,28.9304028264552
583,Seti Nadi,45244800011,45244800010011,179.77,321.80,84.00,81.1038063459008,28.9664228298586
584,Seti Nadi,45244800021,45244800020011,156.47,371.20,65.00,81.1289249045881,29.0601986578924
585,Seti Nadi,45244800031,45244800030011,157.36,435.90,216.00,81.0602492985349,29.1462270731671
586,Seti Nadi,45244800041,45244800040011,161.62,475.80,51.00,81.0113664641339,29.1958094920339
587,Seti Nadi,45244800054,45244800050014,127.33,520.00,84.00,80.9463782864119,29.2526609227946
588,Seti Nadi,45244800061,45244800060011,162.58,520.60,94.00,80.9426726042921,29.2536251266020
589,Seti Nadi,45244800071,45244800070011,154.75,565.20,67.00,80.8731813487063,29.2691374142389
590,Seti Nadi,45244800081,45244800080091,188.56,624.20,94.00,80.7749122028502,29.2998212700836
591,Seti Nadi,45244800081,45244800080011,184.76,617.40,147.00,80.7905159444566,29.2977914104618
592,Seti Nadi,45244800091,45244800090361,184.76,708.50,60.50,80.8235982582480,29.3699232566751
593,Seti Nadi,45244800091,45244800090011,166.97,670.40,77.00,80.7657517427667,29.3613141903695
594,Seti Nadi,45244800101,45244800100011,166.97,726.80,75.00,80.8534468566149,29.3782267075508
595,Seti Nadi,45244800111,45244800110011,183.57,818.80,54.00,80.9119709114495,29.4455703329688
596,Seti Nadi,45244800121,45244800120011,182.45,984.20,54.00,81.0414147541200,29.4804359676115
597,Seti Nadi,45244800131,45244800130011,177.39,1076.85,71.50,81.1222708592958,29.5035502966927
598,Seti Nadi,45244800141,45244800140011,185.35,1231.80,54.00,81.1969866588187,29.5434604569984
599,Seti Nadi,45244800151,45244800150011,158.18,1342.40,116.50,81.2482628315196,29.5993936753237
600,Seti Nadi,45244800166,45244800160016,188.19,1461.50,77.00,81.3068878414844,29.6388279359032
601,Ghaghara River,45244900011,45244900010091,190.64,325.00,63.00,81.1212594921993,28.9618970321594
602,Ghaghara River,45244900011,45244900010011,156.24,323.35,114.00,81.1057142980999,28.9653562747069
603,Ghaghara River,45244900021,45244900020011,183.57,374.60,92.00,81.2455374213841,28.9145932973914
604,Ghaghara River,45244900031,45244900030011,183.64,419.30,62.00,81.3215447822702,28.9120581513534
605,Ghaghara River,45244900041,45244900040011,156.46,450.80,67.00,81.3998527697846,28.9086351919216
606,Ghaghara River,45244900051,45244900050011,169.77,526.90,84.00,81.5096907818808,28.8093939166544
607,Ghaghara River,45244900061,45244900060011,154.15,554.40,67.00,81.5267541018979,28.7483032240987
608,Ghaghara River,45244900071,45244900070011,166.96,568.90,84.00,81.5638595334239,28.7918937267557
609,Ghaghara River,45244900081,45244900080691,181.85,627.15,113.00,81.4447923926583,28.9543549658106
610,Ghaghara River,45244900081,45244900080011,178.43,592.05,108.00,81.5202947874018,28.8706759897165
611,Ghaghara River,45244900091,45244900090011,157.31,635.30,143.00,81.4249993386537,28.9801878225128
612,Ghaghara River,45244900101,45244900100011,162.57,653.00,115.00,81.4405245571067,29.0418292879571
613,Ghaghara River,45244900111,45244900110011,181.85,675.60,67.00,81.5064411768663,29.0897592916479
614,Ghaghara River,45244900131,45244900130151,188.19,758.20,80.00,81.5914570667027,29.1590602995853
615,Ghaghara River,45244900131,45244900130011,166.58,737.70,73.50,81.5800510981347,29.1366095384979
616,Ghaghara River,45244900141,45244900140011,158.81,814.75,150.00,81.6226195565911,29.2095698577935
617,Ghaghara River,45244900151,45244900150011,159.66,902.70,123.00,81.7045125984641,29.2614382734170
618,Ghaghara River,45244900161,45244900160011,162.57,966.90,61.50,81.7519532575994,29.3250148152591
619,Ghaghara River,45244900171,45244900170011,169.64,1026.20,67.00,81.7170554302932,29.4007470017223
620,Ghaghara River,45244900181,45244900180011,156.82,1081.20,93.00,81.7184696037839,29.4830474119512
621,Ghaghara River,45244900191,45244900190011,152.96,1133.00,60.00,81.7898753692009,29.5290935046982
622,Ghaghara River,45244900201,45244900200011,158.17,1177.80,63.00,81.7751704578734,29.6034810608420
623,Ghaghara River,45244900211,45244900210011,161.97,1232.50,67.00,81.8541956026358,29.6197817528658
624,Ghaghara River,45244900221,45244900220011,162.56,1319.30,58.50,81.9249389120804,29.6743748278684
625,Ghaghara River,45244900231,45244900230011,175.74,1457.90,94.50,82.0098117720128,29.7291193313171
626,Ghaghara River,45244900241,45244900240011,156.45,1596.70,61.50,81.9850237542919,29.7636073908050
627,Ghaghara River,45244900251,45244900250011,175.74,1695.10,42.00,81.9150500580964,29.7804349951644
628,Ghaghara River,45244900261,45244900260011,162.93,1834.50,71.50,81.8723459855272,29.8221724596691
629,Ghaghara River,45244900271,45244900270011,154.14,2134.30,57.00,81.8298657812045,29.9501668467017
630,Ghaghara River,45244900286,45244900280016,195.99,2657.90,96.00,81.6957705328641,30.0464611970418
631,Mugu karnali Nadi,45244900291,45244900290011,122.42,1232.50,36.00,81.8548669684957,29.6185591058125
632,Mugu karnali Nadi,45244900301,45244900300011,160.25,1509.35,63.00,82.0382246030895,29.5962872736820
633,Mugu karnali Nadi,45244900321,45244900320011,152.41,1741.35,60.00,82.1681628696718,29.5549140977910
634,Mugu karnali Nadi,45244900336,45244900330016,200.95,1969.20,54.00,82.2744630577431,29.5824347003057
635,Tila Nadi,45244900341,45244900340581,207.09,1078.40,86.50,81.6796413305592,29.1062943074044
636,Tila Nadi,45244900341,45244900340011,138.08,737.70,63.00,81.5806813027693,29.1353342085608
637,Tila Nadi,45244900361,45244900360011,155.27,1263.20,93.00,81.7391634676072,29.1088044244559
638,Tila Nadi,45244900376,45244900370016,194.87,1741.50,128.00,81.8190492780747,29.1322715964651
